{
    "model_name": "quantized16",
    "scheduler_index": 3,
    "tps": [
        1,
        2,
        3,
        4,
        5,
        6,
        7,
        8,
        9,
        10
    ],
    "accuracies_by_tp": [
        [
            93.88560056686401,
            91.12426042556763,
            90.63116312026978,
            92.20907092094421,
            92.11045503616333
        ],
        [
            90.03944993019104,
            86.39053106307983,
            88.165682554245,
            89.05325531959534,
            88.06706070899963
        ],
        [
            89.34911489486694,
            83.33333134651184,
            84.71400141716003,
            85.30572056770325,
            86.39053106307983
        ],
        [
            89.44773077964783,
            84.61538553237915,
            84.4181478023529,
            85.20709872245789,
            88.06706070899963
        ],
        [
            89.15187120437622,
            85.50295829772949,
            84.31952595710754,
            86.7850124835968,
            87.96843886375427
        ],
        [
            89.44773077964783,
            82.7416181564331,
            85.108482837677,
            84.8126232624054,
            86.7850124835968
        ],
        [
            88.165682554245,
            84.91124510765076,
            84.02366638183594,
            86.7850124835968,
            85.7988178730011
        ],
        [
            86.98225021362305,
            84.8126232624054,
            86.19329333305359,
            86.88362836837769,
            87.86982297897339
        ],
        [
            87.67258524894714,
            82.64299631118774,
            84.71400141716003,
            87.08086609840393,
            89.05325531959534
        ],
        [
            87.96843886375427,
            83.53056907653809,
            85.60158014297485,
            86.98225021362305,
            87.77120113372803
        ]
    ],
    "mean_accuracies_by_tp": [
        91.99211001396179,
        88.34319591522217,
        85.81853985786438,
        86.35108470916748,
        86.74556136131287,
        85.77909350395203,
        85.93688488006592,
        86.54832363128662,
        86.23274087905884,
        86.37080788612366
    ]
}