{
    "model_name": "quantized8",
    "scheduler_index": 3,
    "tps": [
        1,
        2,
        3,
        4,
        5,
        6,
        7,
        8,
        9,
        10
    ],
    "accuracies_by_tp": [
        [
            92.20907092094421,
            90.13806581497192,
            91.42012000083923,
            91.81459546089172,
            91.81459546089172
        ],
        [
            88.95463347434998,
            85.20709872245789,
            84.8126232624054,
            87.08086609840393,
            87.77120113372803
        ],
        [
            89.64496850967407,
            83.33333134651184,
            85.108482837677,
            84.51676368713379,
            85.60158014297485
        ],
        [
            87.27810382843018,
            82.84023404121399,
            81.7554235458374,
            85.00986099243164,
            87.17948794364929
        ],
        [
            89.44773077964783,
            83.23471546173096,
            83.53056907653809,
            85.70019602775574,
            87.86982297897339
        ],
        [
            87.96843886375427,
            82.4457585811615,
            82.64299631118774,
            84.91124510765076,
            86.19329333305359
        ],
        [
            87.17948794364929,
            81.36094808578491,
            82.7416181564331,
            85.7988178730011,
            87.96843886375427
        ],
        [
            86.4891529083252,
            81.36094808578491,
            83.33333134651184,
            84.02366638183594,
            86.58776879310608
        ],
        [
            86.29191517829895,
            81.65680766105652,
            84.91124510765076,
            85.40433645248413,
            86.4891529083252
        ],
        [
            86.0946774482727,
            80.67061305046082,
            82.84023404121399,
            84.31952595710754,
            87.27810382843018
        ]
    ],
    "mean_accuracies_by_tp": [
        91.47928953170776,
        86.76528453826904,
        85.64102530479431,
        84.8126220703125,
        85.9566068649292,
        84.83234643936157,
        85.00986218452454,
        84.3589735031128,
        84.95069146156311,
        84.24063086509705
    ]
}