{
    "model_name": "constrained",
    "scheduler_index": 3,
    "tps": [
        1,
        2,
        3,
        4,
        5,
        6,
        7,
        8,
        9,
        10
    ],
    "accuracies_by_tp": [
        [
            91.61735773086548,
            91.02563858032227,
            93.09664964675903,
            92.20907092094421,
            91.71597361564636
        ],
        [
            89.94082808494568,
            86.0946774482727,
            88.56015801429749,
            88.46153616905212,
            87.37672567367554
        ],
        [
            89.74359035491943,
            86.0946774482727,
            85.7988178730011,
            87.4753475189209,
            86.68639063835144
        ],
        [
            88.26429843902588,
            83.92505049705505,
            86.7850124835968,
            87.57396340370178,
            88.165682554245
        ],
        [
            91.32149815559387,
            87.17948794364929,
            86.7850124835968,
            86.19329333305359,
            84.61538553237915
        ],
        [
            90.33530354499817,
            86.58776879310608,
            86.58776879310608,
            86.98225021362305,
            85.89743375778198
        ],
        [
            88.75739574432373,
            85.50295829772949,
            87.27810382843018,
            86.39053106307983,
            85.108482837677
        ],
        [
            89.54635262489319,
            84.8126232624054,
            87.67258524894714,
            86.7850124835968,
            85.89743375778198
        ],
        [
            89.05325531959534,
            84.4181478023529,
            87.37672567367554,
            86.7850124835968,
            85.99605560302734
        ],
        [
            89.25049304962158,
            84.8126232624054,
            87.37672567367554,
            86.19329333305359,
            86.19329333305359
        ]
    ],
    "mean_accuracies_by_tp": [
        91.93293809890747,
        88.0867850780487,
        87.15976476669312,
        86.9428014755249,
        87.21893548965454,
        87.27810502052307,
        86.60749435424805,
        86.9428014755249,
        86.72583937644958,
        86.76528573036194
    ]
}