{
    "model_name": "prova4",
    "scheduler_index": 3,
    "tps": [
        1,
        2,
        3,
        4,
        5,
        6,
        7,
        8,
        9,
        10
    ],
    "accuracies_by_tp": [
        [
            86.98225021362305,
            76.33135914802551,
            83.4319531917572,
            86.98225021362305,
            85.89743375778198
        ],
        [
            82.34714269638062,
            81.0650885105133,
            80.67061305046082,
            75.44378638267517,
            84.8126232624054
        ],
        [
            82.7416181564331,
            79.58579659461975,
            78.30374836921692,
            77.02169418334961,
            82.34714269638062
        ],
        [
            82.4457585811615,
            78.79684567451477,
            76.72584056854248,
            74.16173815727234,
            79.3885588645935
        ],
        [
            83.23471546173096,
            80.57199120521545,
            76.42998099327087,
            74.16173815727234,
            80.47337532043457
        ],
        [
            73.57001900672913,
            77.61341333389282,
            76.72584056854248,
            78.00788879394531,
            81.85404539108276
        ],
        [
            82.34714269638062,
            78.10651063919067,
            76.03550553321838,
            77.21893787384033,
            68.73767375946045
        ],
        [
            78.89546155929565,
            76.42998099327087,
            70.9073007106781,
            76.92307829856873,
            80.86785078048706
        ],
        [
            75.54240822792053,
            78.10651063919067,
            78.4023642539978,
            76.82445645332336,
            81.55818581581116
        ],
        [
            77.90927290916443,
            78.00788879394531,
            76.23274326324463,
            77.31755375862122,
            80.86785078048706
        ]
    ],
    "mean_accuracies_by_tp": [
        83.92504930496216,
        80.86785078048706,
        80.0,
        78.30374836921692,
        78.97436022758484,
        77.5542414188385,
        76.48915410041809,
        76.80473446846008,
        78.0867850780487,
        78.06706190109253
    ]
}