{
    "model_name": "baseline",
    "scheduler_index": 3,
    "tps": [
        1,
        2,
        3,
        4,
        5,
        6,
        7,
        8,
        9,
        10
    ],
    "accuracies_by_tp": [
        [
            92.70216822624207,
            91.51873588562012,
            91.22288227081299,
            89.44773077964783,
            91.61735773086548
        ],
        [
            85.50295829772949,
            87.4753475189209,
            88.46153616905212,
            88.85601758956909,
            88.26429843902588
        ],
        [
            84.61538553237915,
            86.29191517829895,
            86.29191517829895,
            87.96843886375427,
            88.165682554245
        ],
        [
            85.70019602775574,
            86.98225021362305,
            87.77120113372803,
            86.39053106307983,
            87.96843886375427
        ],
        [
            85.60158014297485,
            88.65877985954285,
            86.39053106307983,
            87.17948794364929,
            85.99605560302734
        ],
        [
            84.4181478023529,
            87.96843886375427,
            86.58776879310608,
            87.37672567367554,
            85.50295829772949
        ],
        [
            85.40433645248413,
            87.67258524894714,
            87.17948794364929,
            87.27810382843018,
            85.40433645248413
        ],
        [
            86.68639063835144,
            87.27810382843018,
            87.37672567367554,
            88.36292028427124,
            86.68639063835144
        ],
        [
            87.08086609840393,
            88.26429843902588,
            85.99605560302734,
            87.08086609840393,
            85.70019602775574
        ],
        [
            84.22091007232666,
            86.4891529083252,
            85.99605560302734,
            87.67258524894714,
            82.64299631118774
        ]
    ],
    "mean_accuracies_by_tp": [
        91.3017749786377,
        87.7120316028595,
        86.66666746139526,
        86.96252346038818,
        86.76528692245483,
        86.37080788612366,
        86.58776998519897,
        87.27810621261597,
        86.82445645332336,
        85.40434002876282
    ]
}