{
    "model_name": "prova_norm2",
    "scheduler_index": 3,
    "tps": [
        1,
        2,
        3,
        4,
        5,
        6,
        7,
        8,
        9,
        10
    ],
    "accuracies_by_tp": [
        [
            74.26035404205322,
            73.57001900672913,
            74.65482950210571,
            79.88165616989136,
            57.10059404373169
        ],
        [
            60.94674468040466,
            55.81853985786438,
            65.8777117729187,
            70.41420340538025,
            62.62327432632446
        ],
        [
            61.14398241043091,
            52.76134014129639,
            65.97633361816406,
            69.13214921951294,
            64.39841985702515
        ],
        [
            68.04733872413635,
            67.65285730361938,
            56.015777587890625,
            70.6114411354065,
            63.609468936920166
        ],
        [
            53.944772481918335,
            52.46548056602478,
            56.80473446846008,
            61.24260425567627,
            55.42406439781189
        ],
        [
            52.16962695121765,
            67.65285730361938,
            70.41420340538025,
            69.13214921951294,
            58.974361419677734
        ],
        [
            56.60749673843384,
            55.52268028259277,
            61.834317445755005,
            66.76528453826904,
            70.21695971488953
        ],
        [
            49.60552155971527,
            65.48323631286621,
            55.226826667785645,
            65.28599858283997,
            62.22879886627197
        ],
        [
            68.2445764541626,
            60.65088510513306,
            67.75147914886475,
            63.31360936164856,
            65.5818521976471
        ],
        [
            53.25443744659424,
            52.95857787132263,
            59.27021503448486,
            65.97633361816406,
            67.35700368881226
        ]
    ],
    "mean_accuracies_by_tp": [
        71.89349055290222,
        63.13609480857849,
        62.68244504928589,
        65.1873767375946,
        55.97633123397827,
        63.66863965988159,
        62.18934774398804,
        59.56607639789581,
        65.10848045349121,
        59.76331353187561
    ]
}