{
    "model_name": "quantized4",
    "scheduler_index": 3,
    "tps": [
        1,
        2,
        3,
        4,
        5,
        6,
        7,
        8,
        9,
        10
    ],
    "accuracies_by_tp": [
        [
            84.61538553237915,
            83.92505049705505,
            82.93885588645935,
            83.23471546173096,
            82.7416181564331
        ],
        [
            75.73964595794678,
            72.48520851135254,
            75.54240822792053,
            74.35897588729858,
            75.44378638267517
        ],
        [
            76.52859687805176,
            75.54240822792053,
            75.73964595794678,
            74.35897588729858,
            76.03550553321838
        ],
        [
            76.03550553321838,
            73.27415943145752,
            75.14792680740356,
            75.54240822792053,
            74.75345134735107
        ],
        [
            76.92307829856873,
            74.65482950210571,
            73.86587858200073,
            72.78106212615967,
            75.24654865264893
        ],
        [
            75.64102411270142,
            74.55621361732483,
            75.54240822792053,
            74.16173815727234,
            76.33135914802551
        ],
        [
            78.10651063919067,
            76.92307829856873,
            76.82445645332336,
            76.52859687805176,
            76.62721872329712
        ],
        [
            78.20512652397156,
            74.35897588729858,
            77.31755375862122,
            75.24654865264893,
            78.69822382926941
        ],
        [
            78.10651063919067,
            75.73964595794678,
            74.45759177207947,
            75.34517049789429,
            75.04931092262268
        ],
        [
            76.03550553321838,
            74.75345134735107,
            75.83826184272766,
            75.64102411270142,
            77.7120292186737
        ]
    ],
    "mean_accuracies_by_tp": [
        83.49112510681152,
        74.71400499343872,
        75.6410264968872,
        74.95069026947021,
        74.69427943229675,
        75.24654865264893,
        77.00197219848633,
        76.76528573036194,
        75.73964595794678,
        75.99605441093445
    ]
}