{
    "model_name": "quantized2",
    "scheduler_index": 3,
    "tps": [
        1,
        2,
        3,
        4,
        5,
        6,
        7,
        8,
        9,
        10
    ],
    "accuracies_by_tp": [
        [
            52.6627242565155,
            52.76134014129639,
            56.90335035324097,
            58.57987999916077,
            54.83234524726868
        ],
        [
            52.6627242565155,
            51.08481049537659,
            54.73372936248779,
            52.56410241127014,
            52.16962695121765
        ],
        [
            51.775145530700684,
            50.0,
            52.6627242565155,
            49.3096649646759,
            51.479291915893555
        ],
        [
            51.08481049537659,
            49.3096649646759,
            53.550297021865845,
            53.45167517662048,
            52.3668646812439
        ],
        [
            51.775145530700684,
            50.9861946105957,
            53.944772481918335,
            56.50887489318848,
            55.32544255256653
        ],
        [
            55.12820482254028,
            49.3096649646759,
            49.90138113498688,
            51.57790780067444,
            53.74753475189209
        ],
        [
            49.3096649646759,
            50.09862184524536,
            53.550297021865845,
            50.78895688056946,
            52.16962695121765
        ],
        [
            52.268242835998535,
            51.38067007064819,
            50.295859575271606,
            54.83234524726868,
            52.85996198654175
        ],
        [
            51.775145530700684,
            50.6903350353241,
            55.42406439781189,
            54.339247941970825,
            50.0
        ],
        [
            53.15581560134888,
            53.84615659713745,
            53.25443744659424,
            55.719923973083496,
            53.64891290664673
        ]
    ],
    "mean_accuracies_by_tp": [
        55.14792799949646,
        52.642998695373535,
        51.04536533355713,
        51.95266246795654,
        53.708086013793945,
        51.93293869495392,
        51.183433532714844,
        52.32741594314575,
        52.4457585811615,
        53.92504930496216
    ]
}